{
  "build:8": "3.5.329",
  "format:8": "2.0.0",
  "questDatabase:9": {
    "0:10": {
      "questID:3": 0,
      "preRequisites:11": [],
      "properties:10": {
        "betterquesting:10": {
          "issilent:1": 0,
          "snd_complete:8": "minecraft:entity.player.levelup",
          "lockedprogress:1": 0,
          "tasklogic:8": "AND",
          "repeattime:3": -1,
          "visibility:8": "NORMAL",
          "simultaneous:1": 0,
          "icon:10": {
            "id:8": "minecraft:log",
            "Count:3": 1,
            "Damage:2": 0,
            "OreDict:8": ""
          },
          "globalshare:1": 0,
          "questlogic:8": "AND",
          "snd_update:8": "minecraft:entity.player.levelup",
          "autoclaim:1": 0,
          "repeat_relative:1": 1,
          "ismain:1": 0,
          "name:8": "First Steps",
          "desc:8": "Thanks for installing Horror Craft!\nif you have any feedback or suggestions be sure to join the discord server linked on the curseforge page.\n\nyou\u0027ve got a long and terrifying road ahead of you, choose what you do carefully as one wrong decission may lead to your death!\nJust as a tip, look out for the cows ;)\n\nevery adventure has got to start somewhere so get chopping!\n\n§4§nIf you lose this book you can use just enough items to search for the recipe or use LEFT ALT to open up the quests menu"
        }
      },
      "tasks:9": {
        "0:10": {
          "partialMatch:1": 1,
          "autoConsume:1": 0,
          "groupDetect:1": 0,
          "ignoreNBT:1": 0,
          "index:3": 0,
          "consume:1": 0,
          "requiredItems:9": {
            "0:10": {
              "id:8": "minecraft:log",
              "Count:3": 1,
              "Damage:2": 0,
              "OreDict:8": "logWood"
            }
          },
          "taskID:8": "bq_standard:retrieval"
        }
      },
      "rewards:9": {}
    },
    "1:10": {
      "questID:3": 1,
      "preRequisites:11": [
        0
      ],
      "properties:10": {
        "betterquesting:10": {
          "issilent:1": 0,
          "snd_complete:8": "minecraft:entity.player.levelup",
          "lockedprogress:1": 0,
          "tasklogic:8": "AND",
          "repeattime:3": -1,
          "visibility:8": "NORMAL",
          "simultaneous:1": 0,
          "icon:10": {
            "id:8": "minecraft:bed",
            "Count:3": 1,
            "Damage:2": 14,
            "OreDict:8": ""
          },
          "globalshare:1": 0,
          "questlogic:8": "AND",
          "snd_update:8": "minecraft:entity.player.levelup",
          "autoclaim:1": 0,
          "repeat_relative:1": 1,
          "ismain:1": 0,
          "name:8": "Ready for the night",
          "desc:8": "Prepare for the night! dont want to be outside when the night falls, dont you?"
        }
      },
      "tasks:9": {
        "0:10": {
          "partialMatch:1": 1,
          "allowSmelt:1": 0,
          "ignoreNBT:1": 0,
          "index:3": 0,
          "allowCraft:1": 1,
          "allowAnvil:1": 0,
          "requiredItems:9": {
            "0:10": {
              "id:8": "minecraft:bed",
              "Count:3": 1,
              "Damage:2": 32767,
              "OreDict:8": ""
            }
          },
          "taskID:8": "bq_standard:crafting"
        }
      },
      "rewards:9": {}
    },
    "2:10": {
      "questID:3": 2,
      "preRequisites:11": [
        0
      ],
      "properties:10": {
        "betterquesting:10": {
          "issilent:1": 0,
          "snd_complete:8": "minecraft:entity.player.levelup",
          "lockedprogress:1": 0,
          "tasklogic:8": "AND",
          "repeattime:3": -1,
          "visibility:8": "NORMAL",
          "simultaneous:1": 0,
          "icon:10": {
            "id:8": "realistictorches:torch_unlit",
            "Count:3": 1,
            "Damage:2": 0,
            "OreDict:8": ""
          },
          "globalshare:1": 0,
          "questlogic:8": "AND",
          "snd_update:8": "minecraft:entity.player.levelup",
          "autoclaim:1": 0,
          "repeat_relative:1": 1,
          "ismain:1": 0,
          "name:8": "First torch!",
          "desc:8": "Get your first torch"
        }
      },
      "tasks:9": {
        "0:10": {
          "partialMatch:1": 1,
          "allowSmelt:1": 0,
          "ignoreNBT:1": 0,
          "index:3": 0,
          "allowCraft:1": 1,
          "allowAnvil:1": 0,
          "requiredItems:9": {
            "0:10": {
              "id:8": "realistictorches:torch_unlit",
              "Count:3": 1,
              "Damage:2": 0,
              "OreDict:8": ""
            }
          },
          "taskID:8": "bq_standard:crafting"
        }
      },
      "rewards:9": {}
    },
    "3:10": {
      "questID:3": 3,
      "preRequisites:11": [
        2
      ],
      "properties:10": {
        "betterquesting:10": {
          "issilent:1": 0,
          "snd_complete:8": "minecraft:entity.player.levelup",
          "lockedprogress:1": 0,
          "tasklogic:8": "AND",
          "repeattime:3": -1,
          "visibility:8": "NORMAL",
          "simultaneous:1": 0,
          "icon:10": {
            "id:8": "realistictorches:torch_lit",
            "Count:3": 1,
            "Damage:2": 0,
            "OreDict:8": ""
          },
          "globalshare:1": 0,
          "questlogic:8": "AND",
          "snd_update:8": "minecraft:entity.player.levelup",
          "autoclaim:1": 0,
          "repeat_relative:1": 1,
          "ismain:1": 0,
          "name:8": "Light that torch!",
          "desc:8": "Light your first torch.\nyou can also use flint and steel to light torches"
        }
      },
      "tasks:9": {
        "0:10": {
          "partialMatch:1": 1,
          "allowSmelt:1": 0,
          "ignoreNBT:1": 0,
          "index:3": 0,
          "allowCraft:1": 1,
          "allowAnvil:1": 0,
          "requiredItems:9": {
            "0:10": {
              "id:8": "realistictorches:matchbox",
              "Count:3": 1,
              "Damage:2": 0,
              "OreDict:8": ""
            },
            "1:10": {
              "id:8": "realistictorches:torch_lit",
              "Count:3": 1,
              "Damage:2": 0,
              "OreDict:8": ""
            }
          },
          "taskID:8": "bq_standard:crafting"
        }
      },
      "rewards:9": {}
    },
    "4:10": {
      "questID:3": 4,
      "preRequisites:11": [
        0
      ],
      "properties:10": {
        "betterquesting:10": {
          "issilent:1": 0,
          "snd_complete:8": "minecraft:entity.player.levelup",
          "lockedprogress:1": 0,
          "tasklogic:8": "AND",
          "repeattime:3": -1,
          "visibility:8": "NORMAL",
          "simultaneous:1": 0,
          "icon:10": {
            "id:8": "minecraft:wooden_pickaxe",
            "Count:3": 1,
            "Damage:2": 0,
            "OreDict:8": ""
          },
          "globalshare:1": 0,
          "questlogic:8": "AND",
          "snd_update:8": "minecraft:entity.player.levelup",
          "autoclaim:1": 0,
          "repeat_relative:1": 1,
          "ismain:1": 0,
          "name:8": "Prepare to mine!",
          "desc:8": "Get your first pickaxe"
        }
      },
      "tasks:9": {
        "0:10": {
          "partialMatch:1": 1,
          "autoConsume:1": 0,
          "groupDetect:1": 0,
          "ignoreNBT:1": 0,
          "index:3": 0,
          "consume:1": 0,
          "requiredItems:9": {
            "0:10": {
              "id:8": "minecraft:wooden_pickaxe",
              "Count:3": 1,
              "Damage:2": 0,
              "OreDict:8": ""
            }
          },
          "taskID:8": "bq_standard:retrieval"
        }
      },
      "rewards:9": {}
    },
    "5:10": {
      "questID:3": 5,
      "preRequisites:11": [
        4
      ],
      "properties:10": {
        "betterquesting:10": {
          "issilent:1": 0,
          "snd_complete:8": "minecraft:entity.player.levelup",
          "lockedprogress:1": 0,
          "tasklogic:8": "AND",
          "repeattime:3": -1,
          "visibility:8": "NORMAL",
          "simultaneous:1": 0,
          "icon:10": {
            "id:8": "minecraft:stone_sword",
            "Count:3": 1,
            "Damage:2": 0,
            "OreDict:8": ""
          },
          "globalshare:1": 0,
          "questlogic:8": "AND",
          "snd_update:8": "minecraft:entity.player.levelup",
          "autoclaim:1": 0,
          "repeat_relative:1": 1,
          "ismain:1": 0,
          "name:8": "Get prepared for a fight!",
          "desc:8": "Get prepared for a fight"
        }
      },
      "tasks:9": {
        "0:10": {
          "partialMatch:1": 1,
          "autoConsume:1": 0,
          "groupDetect:1": 0,
          "ignoreNBT:1": 0,
          "index:3": 0,
          "consume:1": 0,
          "requiredItems:9": {
            "0:10": {
              "id:8": "minecraft:stone_sword",
              "Count:3": 1,
              "Damage:2": 0,
              "OreDict:8": ""
            }
          },
          "taskID:8": "bq_standard:retrieval"
        }
      },
      "rewards:9": {}
    },
    "6:10": {
      "questID:3": 6,
      "preRequisites:11": [
        8
      ],
      "properties:10": {
        "betterquesting:10": {
          "issilent:1": 0,
          "snd_complete:8": "minecraft:entity.player.levelup",
          "lockedprogress:1": 0,
          "tasklogic:8": "AND",
          "repeattime:3": -1,
          "visibility:8": "NORMAL",
          "simultaneous:1": 0,
          "icon:10": {
            "id:8": "minecraft:iron_chestplate",
            "Count:3": 1,
            "Damage:2": 0,
            "OreDict:8": ""
          },
          "globalshare:1": 0,
          "questlogic:8": "AND",
          "snd_update:8": "minecraft:entity.player.levelup",
          "autoclaim:1": 0,
          "repeat_relative:1": 1,
          "ismain:1": 0,
          "name:8": "Armour up!",
          "desc:8": "Got to stay safe somehow"
        }
      },
      "tasks:9": {
        "0:10": {
          "partialMatch:1": 1,
          "autoConsume:1": 0,
          "groupDetect:1": 0,
          "ignoreNBT:1": 0,
          "index:3": 0,
          "consume:1": 0,
          "requiredItems:9": {
            "0:10": {
              "id:8": "minecraft:iron_chestplate",
              "Count:3": 1,
              "Damage:2": 0,
              "OreDict:8": ""
            }
          },
          "taskID:8": "bq_standard:retrieval"
        }
      },
      "rewards:9": {}
    },
    "7:10": {
      "questID:3": 7,
      "preRequisites:11": [
        8
      ],
      "properties:10": {
        "betterquesting:10": {
          "issilent:1": 0,
          "snd_complete:8": "minecraft:entity.player.levelup",
          "lockedprogress:1": 0,
          "tasklogic:8": "AND",
          "repeattime:3": -1,
          "visibility:8": "NORMAL",
          "simultaneous:1": 0,
          "icon:10": {
            "id:8": "minecraft:diamond",
            "Count:3": 1,
            "Damage:2": 0,
            "OreDict:8": ""
          },
          "globalshare:1": 0,
          "questlogic:8": "AND",
          "snd_update:8": "minecraft:entity.player.levelup",
          "autoclaim:1": 0,
          "repeat_relative:1": 1,
          "ismain:1": 0,
          "name:8": "Diamonds!",
          "desc:8": "Wow you\u0027ve made it this far, I\u0027ve got to say im impressed. you still got quite a long road ahead of you so you gotta keep going on!"
        }
      },
      "tasks:9": {
        "0:10": {
          "partialMatch:1": 1,
          "autoConsume:1": 0,
          "groupDetect:1": 0,
          "ignoreNBT:1": 0,
          "index:3": 0,
          "consume:1": 0,
          "requiredItems:9": {
            "0:10": {
              "id:8": "minecraft:diamond",
              "Count:3": 1,
              "Damage:2": 0,
              "OreDict:8": ""
            }
          },
          "taskID:8": "bq_standard:retrieval"
        }
      },
      "rewards:9": {}
    },
    "8:10": {
      "questID:3": 8,
      "preRequisites:11": [
        4
      ],
      "properties:10": {
        "betterquesting:10": {
          "issilent:1": 0,
          "snd_complete:8": "minecraft:entity.player.levelup",
          "lockedprogress:1": 0,
          "tasklogic:8": "AND",
          "repeattime:3": -1,
          "visibility:8": "NORMAL",
          "simultaneous:1": 0,
          "icon:10": {
            "id:8": "minecraft:iron_ingot",
            "Count:3": 1,
            "Damage:2": 0,
            "OreDict:8": ""
          },
          "globalshare:1": 0,
          "questlogic:8": "AND",
          "snd_update:8": "minecraft:entity.player.levelup",
          "autoclaim:1": 0,
          "repeat_relative:1": 1,
          "ismain:1": 0,
          "name:8": "Find some iron",
          "desc:8": "Get yourself some iron, now you can make a lot more!"
        }
      },
      "tasks:9": {
        "0:10": {
          "partialMatch:1": 1,
          "autoConsume:1": 0,
          "groupDetect:1": 0,
          "ignoreNBT:1": 0,
          "index:3": 0,
          "consume:1": 0,
          "requiredItems:9": {
            "0:10": {
              "id:8": "minecraft:iron_ingot",
              "Count:3": 1,
              "Damage:2": 0,
              "OreDict:8": ""
            }
          },
          "taskID:8": "bq_standard:retrieval"
        }
      },
      "rewards:9": {}
    },
    "9:10": {
      "questID:3": 9,
      "preRequisites:11": [
        7
      ],
      "properties:10": {
        "betterquesting:10": {
          "issilent:1": 0,
          "snd_complete:8": "minecraft:entity.player.levelup",
          "lockedprogress:1": 0,
          "tasklogic:8": "AND",
          "repeattime:3": -1,
          "visibility:8": "NORMAL",
          "simultaneous:1": 0,
          "icon:10": {
            "id:8": "sanity:checker",
            "Count:3": 1,
            "Damage:2": 0,
            "OreDict:8": ""
          },
          "globalshare:1": 0,
          "questlogic:8": "AND",
          "snd_update:8": "minecraft:entity.player.levelup",
          "autoclaim:1": 0,
          "repeat_relative:1": 1,
          "ismain:1": 0,
          "name:8": "How insane are you?",
          "desc:8": "Make a sanity checker to make sure you\u0027re sane\n\n§4§n§oMore quests will be coming soon!"
        }
      },
      "tasks:9": {
        "0:10": {
          "partialMatch:1": 1,
          "allowSmelt:1": 0,
          "ignoreNBT:1": 0,
          "index:3": 0,
          "allowCraft:1": 1,
          "allowAnvil:1": 0,
          "requiredItems:9": {
            "0:10": {
              "id:8": "sanity:checker",
              "Count:3": 1,
              "Damage:2": 0,
              "OreDict:8": ""
            }
          },
          "taskID:8": "bq_standard:crafting"
        }
      },
      "rewards:9": {}
    },
    "10:10": {
      "questID:3": 10,
      "preRequisites:11": [
        7
      ],
      "properties:10": {
        "betterquesting:10": {
          "issilent:1": 0,
          "snd_complete:8": "minecraft:entity.player.levelup",
          "lockedprogress:1": 0,
          "tasklogic:8": "AND",
          "repeattime:3": -1,
          "visibility:8": "NORMAL",
          "simultaneous:1": 0,
          "icon:10": {
            "id:8": "minecraft:diamond_chestplate",
            "Count:3": 1,
            "Damage:2": 0,
            "OreDict:8": ""
          },
          "globalshare:1": 0,
          "questlogic:8": "AND",
          "snd_update:8": "minecraft:entity.player.levelup",
          "autoclaim:1": 0,
          "repeat_relative:1": 1,
          "ismain:1": 0,
          "name:8": "Diamond tier protection",
          "desc:8": "Get some diamond armour\n\n§3§4§m§n§n§o§r§o§n§4§n§oMore quests will be coming soon!"
        }
      },
      "tasks:9": {
        "0:10": {
          "partialMatch:1": 1,
          "autoConsume:1": 0,
          "groupDetect:1": 0,
          "ignoreNBT:1": 0,
          "index:3": 0,
          "consume:1": 0,
          "requiredItems:9": {
            "0:10": {
              "id:8": "minecraft:diamond_chestplate",
              "Count:3": 1,
              "Damage:2": 0,
              "OreDict:8": ""
            }
          },
          "taskID:8": "bq_standard:retrieval"
        }
      },
      "rewards:9": {}
    }
  },
  "questLines:9": {
    "0:10": {
      "quests:9": {
        "0:10": {
          "sizeX:3": 24,
          "x:3": -96,
          "y:3": -60,
          "id:3": 0,
          "sizeY:3": 24
        },
        "1:10": {
          "sizeX:3": 24,
          "x:3": -48,
          "y:3": -96,
          "id:3": 1,
          "sizeY:3": 24
        },
        "2:10": {
          "sizeX:3": 24,
          "x:3": -48,
          "y:3": -24,
          "id:3": 2,
          "sizeY:3": 24
        },
        "3:10": {
          "sizeX:3": 24,
          "x:3": 0,
          "y:3": -24,
          "id:3": 3,
          "sizeY:3": 24
        },
        "4:10": {
          "sizeX:3": 24,
          "x:3": -48,
          "y:3": -60,
          "id:3": 4,
          "sizeY:3": 24
        },
        "5:10": {
          "sizeX:3": 24,
          "x:3": 0,
          "y:3": -60,
          "id:3": 5,
          "sizeY:3": 24
        },
        "6:10": {
          "sizeX:3": 24,
          "x:3": 48,
          "y:3": -60,
          "id:3": 6,
          "sizeY:3": 24
        },
        "7:10": {
          "sizeX:3": 24,
          "x:3": 48,
          "y:3": -96,
          "id:3": 7,
          "sizeY:3": 24
        },
        "8:10": {
          "sizeX:3": 24,
          "x:3": 0,
          "y:3": -96,
          "id:3": 8,
          "sizeY:3": 24
        },
        "9:10": {
          "sizeX:3": 24,
          "x:3": 96,
          "y:3": -96,
          "id:3": 9,
          "sizeY:3": 24
        },
        "10:10": {
          "sizeX:3": 24,
          "x:3": 96,
          "y:3": -60,
          "id:3": 10,
          "sizeY:3": 24
        }
      },
      "lineID:3": 0,
      "properties:10": {
        "betterquesting:10": {
          "visibility:8": "ALWAYS",
          "name:8": "The Beginnings",
          "icon:10": {
            "id:8": "minecraft:book",
            "Count:3": 1,
            "Damage:2": 0,
            "OreDict:8": ""
          },
          "bg_image:8": "",
          "bg_size:3": 256,
          "desc:8": "A quick quest line to get you started in this horrifying world!"
        }
      },
      "order:3": 0
    }
  },
  "questSettings:10": {
    "betterquesting:10": {
      "livesdef:3": 3,
      "pack_name:8": "",
      "home_anchor_y:5": 0.0,
      "livesmax:3": 10,
      "home_anchor_x:5": 0.5,
      "editmode:1": 0,
      "hardcore:1": 0,
      "home_image:8": "betterquesting:textures/gui/default_title.png",
      "party_enable:1": 1,
      "pack_version:3": 0,
      "home_offset_x:3": -128,
      "home_offset_y:3": 0
    }
  }
}